company_name,quarter,asset_category,balance,position_change
"AB BOND FUND, INC.",2024Q3,Other,20389.0,
ADVANCED SERIES TRUST,2024Q3,Other,3791.0,
ADVANCED SERIES TRUST,2024Q3,Other,14689.0,10898.0
ADVANCED SERIES TRUST,2024Q3,Other,24314.0,9625.0
ADVENT CONVERTIBLE & INCOME FUND,2024Q3,Other,1433000.0,
ADVENT CONVERTIBLE & INCOME FUND,2024Q3,Other,1027000.0,
AGF Investments Trust,2024Q3,Other,-39015.0,
AIM GROWTH SERIES (INVESCO GROWTH SERIES),2024Q3,Other,4000000.0,
ALGER FUNDS II,2024Q3,Other,-13460.0,
ALLIANZ VARIABLE INSURANCE PRODUCTS TRUST,2024Q3,Other,60000.0,
ALLIANZ VARIABLE INSURANCE PRODUCTS TRUST,2024Q3,Other,23902.0,
ALLIANZ VARIABLE INSURANCE PRODUCTS TRUST,2024Q3,Other,4106.0,-19796.0
ALLIANZ VARIABLE INSURANCE PRODUCTS TRUST,2024Q3,Other,336000.0,276000.0
ALLIANZ VARIABLE INSURANCE PRODUCTS TRUST,2024Q3,Other,1807.0,-2299.0
ALPS ETF Trust,2024Q3,Other,284081.0,
AMERICAN CENTURY ETF TRUST,2024Q3,Other,83.0,
AMERICAN FUNDS FUNDAMENTAL INVESTORS,2024Q3,Other,4493283.0,
AMERICAN FUNDS INSURANCE SERIES,2024Q3,Other,12732.0,
AMERICAN FUNDS INSURANCE SERIES,2024Q3,Other,468848.0,456116.0
AMERICAN FUNDS INSURANCE SERIES,2024Q3,Other,2041003.0,1572155.0
AMERICAN FUNDS INSURANCE SERIES,2024Q3,Other,120200.0,-1920803.0
AMG Funds I,2024Q3,Other,3891.0,
AQR Funds,2024Q3,Other,-180320.0,
AQR Funds,2024Q3,Other,-19989.0,160331.0
AQR Funds,2024Q3,Other,-15843.0,4146.0
AQR Funds,2024Q3,Other,2614000.0,
AQR Funds,2024Q3,Other,-43657.0,-27814.0
AQR Funds,2024Q3,Other,-220211.0,-176554.0
AQR Funds,2024Q3,Other,-68279.0,151932.0
ARTISAN PARTNERS FUNDS INC,2024Q3,Other,1868704.0,
AUGUSTAR VARIABLE INSURANCE PRODUCTS FUND INC,2024Q3,Shares,772.0,
AUGUSTAR VARIABLE INSURANCE PRODUCTS FUND INC,2024Q3,Shares,24644.0,23872.0
Adviser Managed Trust,2024Q3,Shares,738.0,
AdvisorShares Trust,2024Q3,Other,-30000.0,
Advisors' Inner Circle Fund III,2024Q3,Shares,467.0,
BANCROFT FUND LTD,2024Q3,Other,3125000.0,
BLACKROCK FUNDS,2024Q3,Other,2520.0,
BLACKROCK FUNDS,2024Q3,Other,8227.0,5707.0
BLACKROCK FUNDS,2024Q3,Other,11917.0,3690.0
BLACKROCK FUNDS,2024Q3,Other,22234.0,10317.0
BNY MELLON INVESTMENT PORTFOLIOS,2024Q3,Other,520.0,
"BNY MELLON MIDCAP INDEX FUND, INC.",2024Q3,Other,71895.0,
BNY Mellon ETF Trust,2024Q3,Other,7495.0,
BlackRock ETF Trust,2024Q3,Other,34.0,
Blackstone Alternative Investment Funds,2024Q3,Other,400.0,
Bridge Builder Trust,2024Q3,Other,3590.0,
Bridge Builder Trust,2024Q3,Other,5931.0,2341.0
Bridge Builder Trust,2024Q3,Other,7166.0,1235.0
Brighthouse Funds Trust II,2024Q3,Other,46094.0,
Brinker Capital Destinations Trust,2024Q3,Other,1019.0,
CALAMOS CONVERTIBLE & HIGH INCOME FUND,2024Q3,Other,9500000.0,
CALAMOS CONVERTIBLE & HIGH INCOME FUND,2024Q3,Other,5711000.0,
CALAMOS CONVERTIBLE & HIGH INCOME FUND,2024Q3,Other,9500000.0,0.0
CALAMOS CONVERTIBLE & HIGH INCOME FUND,2024Q3,Other,5711000.0,0.0
CALAMOS CONVERTIBLE OPPORTUNITIES & INCOME FUND,2024Q3,Other,8750000.0,
CALAMOS CONVERTIBLE OPPORTUNITIES & INCOME FUND,2024Q3,Other,5338000.0,
CALAMOS CONVERTIBLE OPPORTUNITIES & INCOME FUND,2024Q3,Other,8750000.0,0.0
CALAMOS CONVERTIBLE OPPORTUNITIES & INCOME FUND,2024Q3,Other,5338000.0,0.0
CALAMOS INVESTMENT TRUST/IL,2024Q3,Other,10250000.0,
CALAMOS INVESTMENT TRUST/IL,2024Q3,Other,10000000.0,
CALAMOS INVESTMENT TRUST/IL,2024Q3,Other,20000000.0,
CALAMOS INVESTMENT TRUST/IL,2024Q3,Other,-188520.0,
CALAMOS INVESTMENT TRUST/IL,2024Q3,Other,15000000.0,4750000.0
CALAMOS INVESTMENT TRUST/IL,2024Q3,Other,10000000.0,0.0
CALAMOS INVESTMENT TRUST/IL,2024Q3,Other,20000000.0,0.0
CALAMOS INVESTMENT TRUST/IL,2024Q3,Other,-188520.0,0.0
CALAMOS INVESTMENT TRUST/IL,2024Q3,Other,22473000.0,7473000.0
CALAMOS INVESTMENT TRUST/IL,2024Q3,Other,27000.0,-22446000.0
CALAMOS INVESTMENT TRUST/IL,2024Q3,Other,10250000.0,10223000.0
CALAMOS STRATEGIC TOTAL RETURN FUND,2024Q3,Other,5670000.0,
CALAMOS STRATEGIC TOTAL RETURN FUND,2024Q3,Other,5670000.0,0.0
CALVERT IMPACT FUND INC,2024Q3,Other,30787.0,
CAPITAL WORLD GROWTH & INCOME FUND,2024Q3,Other,767505.0,
CARILLON SERIES TRUST,2024Q3,Other,1861.0,
CENTRAL SECURITIES CORP,2024Q3,Shares,170000.0,
COLLEGE RETIREMENT EQUITIES FUND,2024Q3,Other,62345.0,
COLLEGE RETIREMENT EQUITIES FUND,2024Q3,Other,90261.0,27916.0
COLUMBIA FUNDS SERIES TRUST,2024Q3,Other,12083000.0,
COLUMBIA FUNDS SERIES TRUST,2024Q3,Other,123964.0,
COLUMBIA FUNDS SERIES TRUST I,2024Q3,Other,-7529.0,
Calamos Dynamic Convertible & Income Fund,2024Q3,Other,7750000.0,
Calamos Dynamic Convertible & Income Fund,2024Q3,Other,4469000.0,
Calamos Dynamic Convertible & Income Fund,2024Q3,Other,7750000.0,0.0
Calamos Dynamic Convertible & Income Fund,2024Q3,Other,4469000.0,0.0
"Calvert Variable Trust, Inc.",2024Q3,Other,26769.0,
DBX ETF TRUST,2024Q3,Other,467.0,
DELAWARE GROUP EQUITY FUNDS V,2024Q3,Other,1717000.0,
DELAWARE VIP TRUST,2024Q3,Other,76000.0,
DFA INVESTMENT DIMENSIONS GROUP INC,2024Q3,Other,21437.0,
DFA INVESTMENT DIMENSIONS GROUP INC,2024Q3,Other,73516.0,52079.0
DFA INVESTMENT DIMENSIONS GROUP INC,2024Q3,Other,35749.0,-37767.0
DFA INVESTMENT DIMENSIONS GROUP INC,2024Q3,Other,11099.0,-24650.0
Dimensional ETF Trust,2024Q3,Other,82259.0,
Dimensional ETF Trust,2024Q3,Other,20472.0,-61787.0
Dimensional ETF Trust,2024Q3,Other,9867.0,-10605.0
Dimensional ETF Trust,2024Q3,Other,33892.0,24025.0
Direxion Shares ETF Trust,2024Q3,Other,3350.0,
Direxion Shares ETF Trust,2024Q3,Other,1108573.0,1105223.0
ELLSWORTH GROWTH & INCOME FUND LTD,2024Q3,Other,4275000.0,
"EMPOWER FUNDS, INC.",2024Q3,Other,1206000.0,
"EMPOWER FUNDS, INC.",2024Q3,Other,63470.0,
EQ ADVISORS TRUST,2024Q3,Other,324000.0,
EQ ADVISORS TRUST,2024Q3,Other,130000.0,
EQ ADVISORS TRUST,2024Q3,Other,100000.0,
EQ ADVISORS TRUST,2024Q3,Other,12671.0,
EQ ADVISORS TRUST,2024Q3,Other,36615.0,23944.0
EQ ADVISORS TRUST,2024Q3,Other,76030.0,39415.0
EQ ADVISORS TRUST,2024Q3,Other,24367.0,-51663.0
EQ ADVISORS TRUST,2024Q3,Other,113906.0,89539.0
EQ ADVISORS TRUST,2024Q3,Other,12511.0,-101395.0
EQ ADVISORS TRUST,2024Q3,Other,4765.0,-7746.0
EQ ADVISORS TRUST,2024Q3,Other,11562.0,6797.0
EQ ADVISORS TRUST,2024Q3,Other,25752.0,14190.0
ETF Series Solutions,2024Q3,Other,4817.0,
FIDELITY ADVISOR SERIES I,2024Q3,Other,19874000.0,
FIDELITY ADVISOR SERIES II,2024Q3,Other,51247000.0,
FIDELITY ADVISOR SERIES VII,2024Q3,Other,54700.0,
FIDELITY CONCORD STREET TRUST,2024Q3,Other,710814.0,
FIDELITY CONCORD STREET TRUST,2024Q3,Other,227513.0,-483301.0
FIDELITY CONCORD STREET TRUST,2024Q3,Other,171922.0,-55591.0
FIDELITY CONCORD STREET TRUST,2024Q3,Other,35669.0,-136253.0
FIDELITY CONCORD STREET TRUST,2024Q3,Other,52926.0,17257.0
FIDELITY COVINGTON TRUST,2024Q3,Other,99000.0,
FIDELITY COVINGTON TRUST,2024Q3,Other,254176.0,
FIDELITY FINANCIAL TRUST,2024Q3,Other,23810000.0,
FIDELITY FINANCIAL TRUST,2024Q3,Other,7555000.0,
FIDELITY FINANCIAL TRUST,2024Q3,Other,2078000.0,
FIDELITY INCOME FUND /MA/,2024Q3,Other,1003000.0,
FIDELITY INCOME FUND /MA/,2024Q3,Other,8999000.0,7996000.0
FIDELITY MT VERNON STREET TRUST,2024Q3,Other,361002.0,
FIDELITY MT VERNON STREET TRUST,2024Q3,Other,133544.0,-227458.0
FIDELITY MT VERNON STREET TRUST,2024Q3,Other,68829.0,-64715.0
FIDELITY SALEM STREET TRUST,2024Q3,Other,27000.0,
FIDELITY SALEM STREET TRUST,2024Q3,Other,5079000.0,5052000.0
FIDELITY SALEM STREET TRUST,2024Q3,Other,7345000.0,2266000.0
FIDELITY SALEM STREET TRUST,2024Q3,Other,2281000.0,
FIDELITY SALEM STREET TRUST,2024Q3,Other,639000.0,
FIDELITY SALEM STREET TRUST,2024Q3,Other,14000.0,-7331000.0
FIDELITY SALEM STREET TRUST,2024Q3,Other,14521.0,
FIDELITY SALEM STREET TRUST,2024Q3,Other,5031.0,-9490.0
FIDELITY SALEM STREET TRUST,2024Q3,Other,43280.0,38249.0
FIDELITY SALEM STREET TRUST,2024Q3,Other,267270.0,223990.0
FIDELITY SALEM STREET TRUST,2024Q3,Other,60062.0,-207208.0
FIDELITY SALEM STREET TRUST,2024Q3,Other,39901.0,-20161.0
FIDELITY SCHOOL STREET TRUST,2024Q3,Other,12770000.0,
FIDELITY SELECT PORTFOLIOS,2024Q3,Other,418400.0,
FIDELITY SUMMER STREET TRUST,2024Q3,Other,118424000.0,
FIDELITY SUMMER STREET TRUST,2024Q3,Other,10765000.0,-107659000.0
FIDELITY SUMMER STREET TRUST,2024Q3,Other,370000.0,-10395000.0
FIDELITY SUMMER STREET TRUST,2024Q3,Other,6448000.0,6078000.0
FIDELITY SUMMER STREET TRUST,2024Q3,Other,5485000.0,-963000.0
FIDELITY SUMMER STREET TRUST,2024Q3,Other,648000.0,-4837000.0
FIDELITY SUMMER STREET TRUST,2024Q3,Other,88.0,
FIRST TRUST EXCHANGE-TRADED FUND,2024Q3,Other,439796.0,
FIRST TRUST EXCHANGE-TRADED FUND II,2024Q3,Other,6310.0,
FIRST TRUST EXCHANGE-TRADED FUND III,2024Q3,Other,-179769.0,
FIRSTHAND FUNDS,2024Q3,Other,170000.0,
FIRSTHAND FUNDS,2024Q3,Other,10000.0,-160000.0
FLEXSHARES TRUST,2024Q3,Other,2415.0,
FRANK FUNDS,2024Q3,Other,20000.0,
Federated Hermes Adviser Series,2024Q3,Other,-56369.0,
Federated Hermes Index Trust,2024Q3,Other,7368.0,
Fidelity Merrimack Street Trust,2024Q3,Other,7000.0,
Fidelity Merrimack Street Trust,2024Q3,Other,14000.0,7000.0
Fidelity Merrimack Street Trust,2024Q3,Other,2313000.0,2299000.0
Fidelity Multi-Strategy Credit Fund,2024Q3,Other,113000.0,
Fidelity Rutland Square Trust II,2024Q3,Other,723000.0,
Franklin Investors Securities Trust,2024Q3,Other,29900000.0,
Franklin Investors Securities Trust,2024Q3,Other,35000000.0,
GABELLI CONVERTIBLE & INCOME SECURITIES FUND INC,2024Q3,Other,2100000.0,
GREEN CENTURY FUNDS,2024Q3,Other,43189.0,
GROWTH FUND OF AMERICA,2024Q3,Other,8808854.0,
Global Opportunities Portfolio,2024Q3,Other,1695000.0,
Goldman Sachs ETF Trust,2024Q3,Other,7652.0,
Goldman Sachs ETF Trust,2024Q3,Other,2975.0,-4677.0
Goldman Sachs ETF Trust,2024Q3,Other,755.0,-2220.0
GuideStone Funds,2024Q3,Other,15000.0,
GuideStone Funds,2024Q3,Other,3037000.0,
GuideStone Funds,2024Q3,Other,737.0,
GuideStone Funds,2024Q3,Other,-11940.0,-12677.0
HARBOR FUNDS,2024Q3,Other,200000.0,
HARBOR FUNDS,2024Q3,Other,100000.0,
HC CAPITAL TRUST,2024Q3,Other,934.0,
INVESCO EXCHANGE-TRADED FUND TRUST,2024Q3,Other,120418.0,
INVESCO EXCHANGE-TRADED FUND TRUST,2024Q3,Other,221308.0,100890.0
INVESCO EXCHANGE-TRADED FUND TRUST,2024Q3,Other,120298.0,-101010.0
Invesco Exchange-Traded Fund Trust II,2024Q3,Other,40849.0,
Invesco Exchange-Traded Fund Trust II,2024Q3,Other,11000.0,-29849.0
Invesco Exchange-Traded Fund Trust II,2024Q3,Other,13967.0,2967.0
Invesco Exchange-Traded Fund Trust II,2024Q3,Other,41735.0,27768.0
Investment Managers Series Trust II,2024Q3,Other,5848.0,
J.P. Morgan Exchange-Traded Fund Trust,2024Q3,Other,21616.0,
J.P. Morgan Exchange-Traded Fund Trust,2024Q3,Other,57428.0,35812.0
JANUS INVESTMENT FUND,2024Q3,Other,575740.0,
JNL SERIES TRUST,2024Q3,Other,163094.0,
JNL SERIES TRUST,2024Q3,Other,7952.0,-155142.0
JNL SERIES TRUST,2024Q3,Other,2728.0,-5224.0
JNL SERIES TRUST,2024Q3,Other,412000.0,
JNL SERIES TRUST,2024Q3,Other,186401.0,183673.0
JNL SERIES TRUST,2024Q3,Other,13353.0,-173048.0
JNL SERIES TRUST,2024Q3,Other,9812.0,-3541.0
JOHN HANCOCK INVESTMENT TRUST,2024Q3,Shares,29156.0,
JOHN HANCOCK VARIABLE INSURANCE TRUST,2024Q3,Shares,55776.0,
JOHN HANCOCK VARIABLE INSURANCE TRUST,2024Q3,Other,978000.0,
JOHN HANCOCK VARIABLE INSURANCE TRUST,2024Q3,Other,3436000.0,
JOHN HANCOCK VARIABLE INSURANCE TRUST,2024Q3,Shares,20500.0,-35276.0
JOHN HANCOCK VARIABLE INSURANCE TRUST,2024Q3,Shares,23313.0,2813.0
JOHN HANCOCK VARIABLE INSURANCE TRUST,2024Q3,Shares,2162.0,-21151.0
JPMorgan Trust I,2024Q3,Other,275000.0,
JPMorgan Trust I,2024Q3,Other,609000.0,
JPMorgan Trust I,2024Q3,Other,375000.0,100000.0
JPMorgan Trust I,2024Q3,Other,2055000.0,1446000.0
John Hancock Funds II,2024Q3,Other,8093000.0,
John Hancock Funds II,2024Q3,Other,2313000.0,
LAZARD FUNDS INC,2024Q3,Other,161000.0,
LEGG MASON PARTNERS INVESTMENT TRUST,2024Q3,Other,2062274.0,
LEGG MASON PARTNERS VARIABLE EQUITY TRUST,2024Q3,Other,65126.0,
LINCOLN VARIABLE INSURANCE PRODUCTS TRUST,2024Q3,Other,1568.0,
LINCOLN VARIABLE INSURANCE PRODUCTS TRUST,2024Q3,Other,41905.0,40337.0
LINCOLN VARIABLE INSURANCE PRODUCTS TRUST,2024Q3,Other,38547.0,-3358.0
LITMAN GREGORY FUNDS TRUST,2024Q3,Other,115000.0,
LITMAN GREGORY FUNDS TRUST,2024Q3,Other,60000.0,
LOOMIS SAYLES FUNDS I,2024Q3,Other,955000.0,
LOOMIS SAYLES FUNDS I,2024Q3,Other,65000.0,
LOOMIS SAYLES FUNDS I,2024Q3,Other,1325000.0,370000.0
LOOMIS SAYLES FUNDS I,2024Q3,Other,110000.0,45000.0
LOOMIS SAYLES FUNDS II,2024Q3,Other,175000.0,
LOOMIS SAYLES FUNDS II,2024Q3,Other,20000.0,
LOOMIS SAYLES FUNDS II,2024Q3,Other,2350000.0,2175000.0
LOOMIS SAYLES FUNDS II,2024Q3,Other,1215000.0,1195000.0
M FUND INC,2024Q3,Other,73370.0,
MASSMUTUAL SELECT FUNDS,2024Q3,Other,330000.0,
MASSMUTUAL SELECT FUNDS,2024Q3,Other,1265000.0,
MASTER INVESTMENT PORTFOLIO,2024Q3,Other,80018.0,
MORGAN STANLEY PATHWAY FUNDS,2024Q3,Other,3902.0,
MORGAN STANLEY PATHWAY FUNDS,2024Q3,Other,17852.0,13950.0
MoA Funds Corp,2024Q3,Other,70292.0,
Morningstar Funds Trust,2024Q3,Other,240000.0,
Morningstar Funds Trust,2024Q3,Other,15000.0,
NATIONWIDE MUTUAL FUNDS,2024Q3,Other,27672.0,
NATIONWIDE MUTUAL FUNDS,2024Q3,Other,69201.0,41529.0
NATIONWIDE VARIABLE INSURANCE TRUST,2024Q3,Other,56126.0,
NEUBERGER BERMAN EQUITY FUNDS,2024Q3,Other,260773.0,
NEW COVENANT FUNDS,2024Q3,Shares,248.0,
NEW ECONOMY FUND,2024Q3,Other,2093227.0,
NEW PERSPECTIVE FUND,2024Q3,Other,2255516.0,
NEW WORLD FUND INC,2024Q3,Other,1887288.0,
NORTHERN FUNDS,2024Q3,Other,96081.0,
NORTHERN LIGHTS FUND TRUST II,2024Q3,Other,10307.0,
NORTHERN LIGHTS FUND TRUST II,2024Q3,Other,23520.0,13213.0
NORTHWESTERN MUTUAL SERIES FUND INC,2024Q3,Other,62525.0,
Northern Lights Fund Trust IV,2024Q3,Other,12799.0,
Nushares ETF Trust,2024Q3,Other,96109.0,
Nuveen S&P 500 Dynamic Overwrite Fund,2024Q3,Other,2647.0,
OLD WESTBURY FUNDS INC,2024Q3,Other,415773.0,
PACIFIC SELECT FUND,2024Q3,Other,3627.0,
PACIFIC SELECT FUND,2024Q3,Other,7112.0,3485.0
PENN SERIES FUNDS INC,2024Q3,Other,9788.0,
PIMCO Equity Series,2024Q3,Shares,443.0,
PRIMECAP Odyssey Funds,2024Q3,Other,701200.0,
PRIMECAP Odyssey Funds,2024Q3,Other,1347400.0,646200.0
"PRINCIPAL FUNDS, INC.",2024Q3,Other,3604.0,
"PRINCIPAL FUNDS, INC.",2024Q3,Other,56742.0,53138.0
"PRINCIPAL FUNDS, INC.",2024Q3,Other,4977.0,-51765.0
PROSHARES TRUST,2024Q3,Other,1050.0,
PROSHARES TRUST,2024Q3,Other,5013.0,3963.0
PROSHARES TRUST,2024Q3,Other,15796.0,10783.0
PRUDENTIAL INVESTMENT PORTFOLIOS 2,2024Q3,Other,490.0,
PUTNAM CONVERTIBLE SECURITIES FUND,2024Q3,Other,7515000.0,
PUTNAM DIVERSIFIED INCOME TRUST,2024Q3,Other,434000.0,
PUTNAM HIGH YIELD FUND,2024Q3,Other,78000.0,
PUTNAM MASTER INTERMEDIATE INCOME TRUST,2024Q3,Other,82000.0,
PUTNAM PREMIER INCOME TRUST,2024Q3,Other,182000.0,
PUTNAM VARIABLE TRUST,2024Q3,Other,55000.0,
Pacer Funds Trust,2024Q3,Other,20750.0,
Pacer Funds Trust,2024Q3,Other,18591.0,-2159.0
Perpetual Americas Funds Trust,2024Q3,Other,11658.0,
ProFunds,2024Q3,Other,365.0,
ProFunds,2024Q3,Other,926.0,561.0
ProFunds,2024Q3,Other,621.0,-305.0
ProFunds,2024Q3,Other,561.0,-60.0
ProFunds,2024Q3,Other,222.0,-339.0
ProFunds,2024Q3,Other,4306.0,4084.0
ProFunds,2024Q3,Other,227.0,-4079.0
ProFunds,2024Q3,Other,1315.0,1088.0
ProFunds,2024Q3,Other,226.0,-1089.0
"RBB FUND, INC.",2024Q3,Other,32702.0,
RUSSELL INVESTMENT CO,2024Q3,Other,-19704.0,
RUSSELL INVESTMENT CO,2024Q3,Other,-114861.0,-95157.0
RUSSELL INVESTMENT CO,2024Q3,Other,-2428.0,112433.0
RUSSELL INVESTMENT FUNDS,2024Q3,Other,-21464.0,
RUSSELL INVESTMENT FUNDS,2024Q3,Other,-5528.0,15936.0
RYDEX SERIES FUNDS,2024Q3,Other,28246.0,
RYDEX SERIES FUNDS,2024Q3,Other,504.0,-27742.0
RYDEX VARIABLE TRUST,2024Q3,Other,159.0,
RYDEX VARIABLE TRUST,2024Q3,Other,7499.0,7340.0
SA FUNDS INVESTMENT TRUST,2024Q3,Other,857.0,
SA FUNDS INVESTMENT TRUST,2024Q3,Other,9115.0,8258.0
SCHWAB CAPITAL TRUST,2024Q3,Other,25251.0,
SCHWAB CAPITAL TRUST,2024Q3,Other,16806.0,-8445.0
SCHWAB CAPITAL TRUST,2024Q3,Other,56169.0,39363.0
SCHWAB CAPITAL TRUST,2024Q3,Other,3638.0,-52531.0
SCHWAB INVESTMENTS,2024Q3,Other,40813.0,
SCHWAB STRATEGIC TRUST,2024Q3,Other,638.0,
SCHWAB STRATEGIC TRUST,2024Q3,Other,339729.0,339091.0
SCHWAB STRATEGIC TRUST,2024Q3,Other,9143.0,-330586.0
SCHWAB STRATEGIC TRUST,2024Q3,Other,97546.0,88403.0
SCHWAB STRATEGIC TRUST,2024Q3,Other,63150.0,-34396.0
SCHWAB STRATEGIC TRUST,2024Q3,Other,74820.0,11670.0
SCHWAB STRATEGIC TRUST,2024Q3,Other,108166.0,33346.0
SEASONS SERIES TRUST,2024Q3,Other,384000.0,
SEASONS SERIES TRUST,2024Q3,Other,998.0,
SEASONS SERIES TRUST,2024Q3,Other,109000.0,
SEI Catholic Values Trust,2024Q3,Shares,341.0,
SEI INSTITUTIONAL INVESTMENTS TRUST,2024Q3,Shares,19923.0,
SEI INSTITUTIONAL INVESTMENTS TRUST,2024Q3,Shares,5000.0,-14923.0
SEI INSTITUTIONAL MANAGED TRUST,2024Q3,Shares,2930.0,
SHELTON FUNDS,2024Q3,Other,5129.0,
SMALLCAP WORLD FUND INC,2024Q3,Other,3859375.0,
SPDR INDEX SHARES FUNDS,2024Q3,Other,362.0,
SPDR S&P MIDCAP 400 ETF TRUST,2024Q3,Other,1010572.0,
SPDR SERIES TRUST,2024Q3,Other,1769795.0,
SPDR SERIES TRUST,2024Q3,Other,5410000.0,
SPDR SERIES TRUST,2024Q3,Other,29887000.0,
SPDR SERIES TRUST,2024Q3,Other,9512000.0,
SPDR SERIES TRUST,2024Q3,Other,104180.0,-1665615.0
SPDR SERIES TRUST,2024Q3,Other,12.0,-104168.0
SPDR SERIES TRUST,2024Q3,Other,474968.0,474956.0
SPDR SERIES TRUST,2024Q3,Other,18830.0,-456138.0
SPDR SERIES TRUST,2024Q3,Other,248.0,-18582.0
SPDR SERIES TRUST,2024Q3,Other,126687.0,126439.0
STATE STREET INSTITUTIONAL INVESTMENT TRUST,2024Q3,Other,65.0,
STATE STREET INSTITUTIONAL INVESTMENT TRUST,2024Q3,Other,45301.0,45236.0
STATE STREET VARIABLE INSURANCE SERIES FUNDS INC,2024Q3,Other,779.0,
"STEWARD FUNDS, INC.",2024Q3,Other,-12800.0,
"STEWARD FUNDS, INC.",2024Q3,Other,5739.0,18539.0
SUNAMERICA SERIES TRUST,2024Q3,Other,21714.0,
SUNAMERICA SERIES TRUST,2024Q3,Other,2739.0,-18975.0
SYNTAX ETF TRUST,2024Q3,Other,540.0,
Securian Funds Trust,2024Q3,Other,10037.0,
"T. Rowe Price Index Trust, Inc.",2024Q3,Other,19826.0,
"T. Rowe Price Index Trust, Inc.",2024Q3,Other,5714.0,-14112.0
"T. Rowe Price International Funds, Inc.",2024Q3,Other,981000.0,
"T. Rowe Price International Funds, Inc.",2024Q3,Other,19595000.0,
"T. Rowe Price Multi-Strategy Total Return Fund, Inc.",2024Q3,Other,33000.0,
"T. Rowe Price Multi-Strategy Total Return Fund, Inc.",2024Q3,Other,660000.0,
"T. Rowe Price Science & Technology Fund, Inc.",2024Q3,Other,168300.0,
TETON WESTWOOD FUNDS,2024Q3,Other,600000.0,
THRIVENT SERIES FUND INC,2024Q3,Other,30409.0,
TIAA SEPARATE ACCOUNT VA 1,2024Q3,Other,3166.0,
TIAA-CREF FUNDS,2024Q3,Other,46874.0,
TIAA-CREF FUNDS,2024Q3,Other,1265.0,-45609.0
TIAA-CREF FUNDS,2024Q3,Other,104946.0,103681.0
TIAA-CREF LIFE FUNDS,2024Q3,Other,1949.0,
TIFF INVESTMENT PROGRAM,2024Q3,Other,-17764.0,
TRUST FOR PROFESSIONAL MANAGERS,2024Q3,Other,-17763.0,
TRUST FOR PROFESSIONAL MANAGERS,2024Q3,Other,8290.0,26053.0
TRUST FOR PROFESSIONAL MANAGERS,2024Q3,Other,39810.0,31520.0
TRUST FOR PROFESSIONAL MANAGERS,2024Q3,Other,11.0,-39799.0
Tidal Trust II,2024Q3,Other,11036.0,
Two Roads Shared Trust,2024Q3,Other,30495.0,
UNIFIED SERIES TRUST,2024Q3,Other,-29142.0,
UNIFIED SERIES TRUST,2024Q3,Other,5000000.0,
VALIC Co I,2024Q3,Other,140633.0,
VANGUARD ADMIRAL FUNDS,2024Q3,Other,51485.0,
VANGUARD ADMIRAL FUNDS,2024Q3,Other,119487.0,68002.0
VANGUARD ADMIRAL FUNDS,2024Q3,Other,52271.0,-67216.0
VANGUARD HORIZON FUNDS,2024Q3,Other,3047300.0,
VANGUARD HORIZON FUNDS,2024Q3,Other,13589.0,-3033711.0
VANGUARD INDEX FUNDS,2024Q3,Other,3954874.0,
VANGUARD INDEX FUNDS,2024Q3,Other,1897297.0,-2057577.0
VANGUARD INDEX FUNDS,2024Q3,Other,1682395.0,-214902.0
VANGUARD INDEX FUNDS,2024Q3,Other,3165948.0,1483553.0
VANGUARD INSTITUTIONAL INDEX FUNDS,2024Q3,Other,76980.0,
VANGUARD INTERNATIONAL EQUITY INDEX FUNDS,2024Q3,Other,74037.0,
VANGUARD SCOTTSDALE FUNDS,2024Q3,Other,18178.0,
VANGUARD SCOTTSDALE FUNDS,2024Q3,Other,56445.0,38267.0
VANGUARD SCOTTSDALE FUNDS,2024Q3,Other,8957.0,-47488.0
VANGUARD TAX-MANAGED FUNDS,2024Q3,Other,54783.0,
VANGUARD VALLEY FORGE FUNDS,2024Q3,Other,81279.0,
VANGUARD WORLD FUND,2024Q3,Other,25183.0,
VANGUARD WORLD FUND,2024Q3,Other,1999451.0,1974268.0
VARIABLE INSURANCE PRODUCTS FUND,2024Q3,Other,3092000.0,
VARIABLE INSURANCE PRODUCTS FUND II,2024Q3,Other,4948.0,
VARIABLE INSURANCE PRODUCTS FUND II,2024Q3,Other,2383.0,-2565.0
VICTORY PORTFOLIOS III,2024Q3,Other,15986.0,
Variable Insurance Products Fund V,2024Q3,Other,5455000.0,
Virtus Diversified Income & Convertible Fund,2024Q3,Other,1200000.0,
Virtus Equity & Convertible Income Fund,2024Q3,Other,1390000.0,
Virtus Investment Trust,2024Q3,Other,23015000.0,
Virtus Strategy Trust,2024Q3,Other,1920000.0,
Voya VARIABLE PORTFOLIOS INC,2024Q3,Other,6123.0,
Voya VARIABLE PORTFOLIOS INC,2024Q3,Other,10990.0,4867.0
WILMINGTON FUNDS,2024Q3,Other,1575.0,
WILSHIRE MUTUAL FUNDS INC,2024Q3,Other,659.0,
iSHARES TRUST,2024Q3,Other,63640.0,
iSHARES TRUST,2024Q3,Other,91902.0,28262.0
iSHARES TRUST,2024Q3,Other,322577.0,230675.0
iSHARES TRUST,2024Q3,Other,10782.0,-311795.0
iSHARES TRUST,2024Q3,Other,38257.0,27475.0
iSHARES TRUST,2024Q3,Other,55302.0,17045.0
iSHARES TRUST,2024Q3,Other,3914689.0,3859387.0
iSHARES TRUST,2024Q3,Other,33140.0,-3881549.0
iSHARES TRUST,2024Q3,Other,224365.0,191225.0
iSHARES TRUST,2024Q3,Other,135362.0,-89003.0
iSHARES TRUST,2024Q3,Other,412843.0,277481.0
iSHARES TRUST,2024Q3,Other,19788.0,-393055.0
iSHARES TRUST,2024Q3,Other,52252.0,32464.0
iSHARES TRUST,2024Q3,Other,385806.0,333554.0
iSHARES TRUST,2024Q3,Other,402569.0,16763.0
iSHARES TRUST,2024Q3,Other,1887923.0,1485354.0
iSHARES TRUST,2024Q3,Other,214800.0,-1673123.0
iSHARES TRUST,2024Q3,Other,4718.0,-210082.0
iSHARES TRUST,2024Q3,Other,5806.0,1088.0
iSHARES TRUST,2024Q3,Other,14248.0,8442.0
iSHARES TRUST,2024Q3,Other,10639.0,-3609.0
iSHARES TRUST,2024Q3,Other,4676000.0,
iSHARES TRUST,2024Q3,Other,14075000.0,
iSHARES TRUST,2024Q3,Other,5700000.0,
ADVANCED SERIES TRUST,2024Q4,Other,3791.0,
ADVANCED SERIES TRUST,2024Q4,Other,27513.0,23722.0
ADVANCED SERIES TRUST,2024Q4,Other,55991.0,28478.0
AGF Investments Trust,2024Q4,Other,-145046.0,
AIM GROWTH SERIES (INVESCO GROWTH SERIES),2024Q4,Other,4000000.0,
ALLIANZ VARIABLE INSURANCE PRODUCTS TRUST,2024Q4,Other,60000.0,
ALLIANZ VARIABLE INSURANCE PRODUCTS TRUST,2024Q4,Other,3276.0,
ALLIANZ VARIABLE INSURANCE PRODUCTS TRUST,2024Q4,Other,42159.0,38883.0
ALLIANZ VARIABLE INSURANCE PRODUCTS TRUST,2024Q4,Other,1807.0,-40352.0
ALLIANZ VARIABLE INSURANCE PRODUCTS TRUST,2024Q4,Other,336000.0,276000.0
ALPS ETF Trust,2024Q4,Other,284975.0,
AMERICAN CENTURY ETF TRUST,2024Q4,Other,83.0,
AMERICAN FUNDS INSURANCE SERIES,2024Q4,Other,418381.0,
AMERICAN FUNDS INSURANCE SERIES,2024Q4,Other,12732.0,-405649.0
AMERICAN FUNDS INSURANCE SERIES,2024Q4,Other,1555078.0,1542346.0
AMERICAN FUNDS INSURANCE SERIES,2024Q4,Other,102210.0,-1452868.0
AQR Funds,2024Q4,Other,-607275.0,
AQR Funds,2024Q4,Other,-914190.0,-306915.0
AQR Funds,2024Q4,Other,-154300.0,759890.0
AQR Funds,2024Q4,Other,-62685.0,91615.0
AQR Funds,2024Q4,Other,-352712.0,-290027.0
AQR Funds,2024Q4,Other,-67308.0,285404.0
AQR Funds,2024Q4,Other,-365628.0,-298320.0
AQR Funds,2024Q4,Other,-8855.0,356773.0
ARTISAN PARTNERS FUNDS INC,2024Q4,Other,2411403.0,
AUGUSTAR VARIABLE INSURANCE PRODUCTS FUND INC,2024Q4,Shares,772.0,
BANCROFT FUND LTD,2024Q4,Other,3125000.0,
BNY MELLON FUNDS TRUST,2024Q4,Other,8060.0,
BNY MELLON INVESTMENT PORTFOLIOS,2024Q4,Other,54637.0,
BNY MELLON INVESTMENT PORTFOLIOS,2024Q4,Other,508.0,-54129.0
"BNY Mellon Investment Funds IV, Inc.",2024Q4,Other,850000.0,
Blackstone Alternative Investment Funds,2024Q4,Other,29100.0,
Bridge Builder Trust,2024Q4,Other,5931.0,
Bridge Builder Trust,2024Q4,Other,3590.0,-2341.0
Brinker Capital Destinations Trust,2024Q4,Other,1019.0,
CALVERT IMPACT FUND INC,2024Q4,Other,70074.0,
CAPITAL WORLD GROWTH & INCOME FUND,2024Q4,Other,766688.0,
COLLEGE RETIREMENT EQUITIES FUND,2024Q4,Other,62345.0,
COLLEGE RETIREMENT EQUITIES FUND,2024Q4,Other,84747.0,22402.0
COLUMBIA FUNDS SERIES TRUST,2024Q4,Other,117057.0,
DBX ETF TRUST,2024Q4,Other,371.0,
DELAWARE GROUP EQUITY FUNDS V,2024Q4,Other,670000.0,
DELAWARE VIP TRUST,2024Q4,Other,29000.0,
ELLSWORTH GROWTH & INCOME FUND LTD,2024Q4,Other,1900000.0,
"EMPOWER FUNDS, INC.",2024Q4,Other,1716000.0,
"EMPOWER FUNDS, INC.",2024Q4,Other,111402.0,
EQ ADVISORS TRUST,2024Q4,Other,324000.0,
EQ ADVISORS TRUST,2024Q4,Other,130000.0,
EQ ADVISORS TRUST,2024Q4,Other,100000.0,
EQ ADVISORS TRUST,2024Q4,Other,76030.0,
EQ ADVISORS TRUST,2024Q4,Other,10208.0,-65822.0
EQ ADVISORS TRUST,2024Q4,Other,24367.0,14159.0
EQ ADVISORS TRUST,2024Q4,Other,4319.0,-20048.0
EQ ADVISORS TRUST,2024Q4,Other,25574.0,21255.0
EQ ADVISORS TRUST,2024Q4,Other,12511.0,-13063.0
FIDELITY ADVISOR SERIES II,2024Q4,Other,51247000.0,
FIDELITY CONCORD STREET TRUST,2024Q4,Other,759660.0,
FIDELITY CONCORD STREET TRUST,2024Q4,Other,169273.0,-590387.0
FIDELITY CONCORD STREET TRUST,2024Q4,Other,226731.0,57458.0
FIDELITY COVINGTON TRUST,2024Q4,Other,110000.0,
FIDELITY FINANCIAL TRUST,2024Q4,Other,31275000.0,
FIDELITY FINANCIAL TRUST,2024Q4,Other,2078000.0,
FIDELITY INCOME FUND /MA/,2024Q4,Other,1381000.0,
FIDELITY INCOME FUND /MA/,2024Q4,Other,9366000.0,7985000.0
FIDELITY MT VERNON STREET TRUST,2024Q4,Other,360805.0,
FIDELITY MT VERNON STREET TRUST,2024Q4,Other,67029.0,-293776.0
FIDELITY MT VERNON STREET TRUST,2024Q4,Other,133129.0,66100.0
FIDELITY SALEM STREET TRUST,2024Q4,Other,28000.0,
FIDELITY SALEM STREET TRUST,2024Q4,Other,12306000.0,12278000.0
FIDELITY SALEM STREET TRUST,2024Q4,Other,809000.0,
FIDELITY SALEM STREET TRUST,2024Q4,Other,5079000.0,-7227000.0
FIDELITY SALEM STREET TRUST,2024Q4,Other,14000.0,-5065000.0
FIDELITY SALEM STREET TRUST,2024Q4,Other,12739.0,
FIDELITY SCHOOL STREET TRUST,2024Q4,Other,13970000.0,
FIDELITY SELECT PORTFOLIOS,2024Q4,Other,55350.0,
FIDELITY SELECT PORTFOLIOS,2024Q4,Other,418400.0,363050.0
FIDELITY SUMMER STREET TRUST,2024Q4,Other,9986.0,
FIRST TRUST EXCHANGE-TRADED FUND,2024Q4,Other,440585.0,
FIRST TRUST EXCHANGE-TRADED FUND II,2024Q4,Other,7519.0,
FIRSTHAND FUNDS,2024Q4,Other,10000.0,
FIRSTHAND FUNDS,2024Q4,Other,170000.0,160000.0
FRANK FUNDS,2024Q4,Other,20000.0,
Fidelity Central Investment Portfolios LLC,2024Q4,Other,2949000.0,
Fidelity Merrimack Street Trust,2024Q4,Other,7000.0,
Fidelity Merrimack Street Trust,2024Q4,Other,15000.0,8000.0
Fidelity Merrimack Street Trust,2024Q4,Other,3035000.0,3020000.0
Fidelity Multi-Strategy Credit Fund,2024Q4,Other,113000.0,
Fidelity Multi-Strategy Credit Fund,2024Q4,Other,28000.0,
Fidelity Rutland Square Trust II,2024Q4,Other,753000.0,
Fidelity Rutland Square Trust II,2024Q4,Other,4300.0,
Franklin BSP Private Credit Fund,2024Q4,Other,1000000.0,
GABELLI CONVERTIBLE & INCOME SECURITIES FUND INC,2024Q4,Other,2100000.0,
GROWTH FUND OF AMERICA,2024Q4,Other,7158990.0,
Goldman Sachs ETF Trust,2024Q4,Other,2556.0,
Goldman Sachs ETF Trust,2024Q4,Other,654.0,-1902.0
GuideStone Funds,2024Q4,Other,2273000.0,
GuideStone Funds,2024Q4,Other,-34132.0,
GuideStone Funds,2024Q4,Other,737.0,34869.0
HC CAPITAL TRUST,2024Q4,Other,934.0,
HUSSMAN INVESTMENT TRUST,2024Q4,Other,100000.0,
HUSSMAN INVESTMENT TRUST,2024Q4,Other,5000.0,-95000.0
Invesco Exchange-Traded Fund Trust II,2024Q4,Other,56480.0,
Invesco Exchange-Traded Fund Trust II,2024Q4,Other,15578.0,-40902.0
Invesco Exchange-Traded Fund Trust II,2024Q4,Other,12106.0,-3472.0
Investment Managers Series Trust II,2024Q4,Other,5552.0,
J.P. Morgan Exchange-Traded Fund Trust,2024Q4,Other,25831.0,
JNL SERIES TRUST,2024Q4,Other,241750.0,
JNL SERIES TRUST,2024Q4,Other,2728.0,-239022.0
JNL SERIES TRUST,2024Q4,Other,7952.0,5224.0
JNL SERIES TRUST,2024Q4,Other,412000.0,
JNL SERIES TRUST,2024Q4,Other,419757.0,411805.0
JNL SERIES TRUST,2024Q4,Other,13353.0,-406404.0
JNL SERIES TRUST,2024Q4,Other,14039.0,686.0
JOHN HANCOCK INVESTMENT TRUST,2024Q4,Shares,28774.0,
JOHN HANCOCK VARIABLE INSURANCE TRUST,2024Q4,Shares,189354.0,
JOHN HANCOCK VARIABLE INSURANCE TRUST,2024Q4,Other,978000.0,
JOHN HANCOCK VARIABLE INSURANCE TRUST,2024Q4,Other,3436000.0,
JOHN HANCOCK VARIABLE INSURANCE TRUST,2024Q4,Shares,2162.0,-187192.0
JPMorgan Trust I,2024Q4,Other,375000.0,
JPMorgan Trust I,2024Q4,Other,1485000.0,
JPMorgan Trust I,2024Q4,Other,275000.0,-100000.0
JPMorgan Trust I,2024Q4,Other,449000.0,-1036000.0
John Hancock Funds II,2024Q4,Other,8093000.0,
John Hancock Funds II,2024Q4,Shares,298437.0,
John Hancock Funds II,2024Q4,Other,2313000.0,
LEGG MASON PARTNERS INVESTMENT TRUST,2024Q4,Other,964374.0,
LINCOLN VARIABLE INSURANCE PRODUCTS TRUST,2024Q4,Other,43726.0,
LINCOLN VARIABLE INSURANCE PRODUCTS TRUST,2024Q4,Other,1568.0,-42158.0
LITMAN GREGORY FUNDS TRUST,2024Q4,Other,95000.0,
LITMAN GREGORY FUNDS TRUST,2024Q4,Other,35000.0,
LOOMIS SAYLES FUNDS I,2024Q4,Other,1325000.0,
LOOMIS SAYLES FUNDS I,2024Q4,Other,110000.0,
LOOMIS SAYLES FUNDS I,2024Q4,Other,955000.0,-370000.0
LOOMIS SAYLES FUNDS I,2024Q4,Other,65000.0,-45000.0
LOOMIS SAYLES FUNDS II,2024Q4,Other,175000.0,
LOOMIS SAYLES FUNDS II,2024Q4,Other,20000.0,
LOOMIS SAYLES FUNDS II,2024Q4,Other,2350000.0,2175000.0
LOOMIS SAYLES FUNDS II,2024Q4,Other,1215000.0,1195000.0
M FUND INC,2024Q4,Other,117147.0,
MASSMUTUAL SELECT FUNDS,2024Q4,Shares,50837.0,
MASSMUTUAL SELECT FUNDS,2024Q4,Other,191000.0,
MASSMUTUAL SELECT FUNDS,2024Q4,Other,980000.0,
MASTER INVESTMENT PORTFOLIO,2024Q4,Other,80018.0,
MASTER INVESTMENT PORTFOLIO,2024Q4,Other,6724.0,-73294.0
MORGAN STANLEY PATHWAY FUNDS,2024Q4,Other,38542.0,
MORGAN STANLEY PATHWAY FUNDS,2024Q4,Other,3902.0,-34640.0
MoA Funds Corp,2024Q4,Other,18928.0,
NEUBERGER BERMAN EQUITY FUNDS,2024Q4,Other,666033.0,
NEW COVENANT FUNDS,2024Q4,Shares,248.0,
NEW ECONOMY FUND,2024Q4,Other,1737865.0,
NEW PERSPECTIVE FUND,2024Q4,Other,2255516.0,
NORTHWESTERN MUTUAL SERIES FUND INC,2024Q4,Other,44657.0,
Northern Lights Fund Trust IV,2024Q4,Other,15807.0,
Nuveen S&P 500 Dynamic Overwrite Fund,2024Q4,Other,2647.0,
PACIFIC SELECT FUND,2024Q4,Other,4086.0,
PACIFIC SELECT FUND,2024Q4,Other,5650.0,1564.0
PIMCO Equity Series,2024Q4,Shares,443.0,
PRAXIS MUTUAL FUNDS,2024Q4,Other,19930.0,
PROSHARES TRUST,2024Q4,Other,837.0,
PROSHARES TRUST,2024Q4,Other,14805.0,13968.0
PROSHARES TRUST,2024Q4,Other,4929.0,-9876.0
PRUDENTIAL SERIES FUND,2024Q4,Other,119050.0,
PUTNAM DIVERSIFIED INCOME TRUST,2024Q4,Other,434000.0,
PUTNAM HIGH YIELD FUND,2024Q4,Other,78000.0,
PUTNAM MASTER INTERMEDIATE INCOME TRUST,2024Q4,Other,82000.0,
PUTNAM VARIABLE TRUST,2024Q4,Other,55000.0,
ProFunds,2024Q4,Other,1490.0,
ProFunds,2024Q4,Other,1711.0,221.0
ProFunds,2024Q4,Other,280.0,-1431.0
ProFunds,2024Q4,Other,424.0,144.0
"RBB FUND, INC.",2024Q4,Other,45794.0,
RUSSELL INVESTMENT FUNDS,2024Q4,Other,-45698.0,
RUSSELL INVESTMENT FUNDS,2024Q4,Other,-4944.0,40754.0
RYDEX SERIES FUNDS,2024Q4,Other,47111.0,
RYDEX VARIABLE TRUST,2024Q4,Other,11680.0,
SA FUNDS INVESTMENT TRUST,2024Q4,Other,7157.0,
SCHWAB STRATEGIC TRUST,2024Q4,Other,338266.0,
SCHWAB STRATEGIC TRUST,2024Q4,Other,112173.0,-226093.0
SCHWAB STRATEGIC TRUST,2024Q4,Other,9215.0,-102958.0
SCHWAB STRATEGIC TRUST,2024Q4,Other,797.0,-8418.0
SCHWAB STRATEGIC TRUST,2024Q4,Other,61797.0,61000.0
SCHWAB STRATEGIC TRUST,2024Q4,Other,75508.0,13711.0
SCHWAB STRATEGIC TRUST,2024Q4,Other,109350.0,33842.0
SEASONS SERIES TRUST,2024Q4,Other,4945.0,
SEASONS SERIES TRUST,2024Q4,Other,384000.0,
SEASONS SERIES TRUST,2024Q4,Other,21531.0,16586.0
SEASONS SERIES TRUST,2024Q4,Other,109000.0,
SEI Catholic Values Trust,2024Q4,Shares,341.0,
SEI INSTITUTIONAL INVESTMENTS TRUST,2024Q4,Shares,5000.0,
SEI INSTITUTIONAL INVESTMENTS TRUST,2024Q4,Shares,19923.0,14923.0
SEI INSTITUTIONAL MANAGED TRUST,2024Q4,Shares,2930.0,
SHELTON FUNDS,2024Q4,Other,5129.0,
SMALLCAP WORLD FUND INC,2024Q4,Other,2996775.0,
SPDR INDEX SHARES FUNDS,2024Q4,Other,376.0,
SPDR SERIES TRUST,2024Q4,Other,1090734.0,
SPDR SERIES TRUST,2024Q4,Other,7410000.0,
SPDR SERIES TRUST,2024Q4,Other,27887000.0,
SPDR SERIES TRUST,2024Q4,Other,9512000.0,
SPDR SERIES TRUST,2024Q4,Other,254.0,-1090480.0
SPDR SERIES TRUST,2024Q4,Other,389900.0,389646.0
SPDR SERIES TRUST,2024Q4,Other,19134.0,-370766.0
SPDR SERIES TRUST,2024Q4,Other,12.0,-19122.0
SPDR SERIES TRUST,2024Q4,Other,2730582.0,2730570.0
SPDR SERIES TRUST,2024Q4,Other,314879.0,-2415703.0
STATE STREET INSTITUTIONAL INVESTMENT TRUST,2024Q4,Other,47201.0,
STATE STREET VARIABLE INSURANCE SERIES FUNDS INC,2024Q4,Other,779.0,
"T. Rowe Price Index Trust, Inc.",2024Q4,Other,23972.0,
"T. Rowe Price Index Trust, Inc.",2024Q4,Other,5837.0,-18135.0
"T. Rowe Price International Funds, Inc.",2024Q4,Other,981000.0,
"T. Rowe Price International Funds, Inc.",2024Q4,Other,19595000.0,
"T. Rowe Price Mid-Cap Value Fund, Inc.",2024Q4,Other,4564815.0,
"T. Rowe Price Mid-Cap Value Fund, Inc.",2024Q4,Other,22052000.0,
"T. Rowe Price Mid-Cap Value Fund, Inc.",2024Q4,Other,90212000.0,
THRIVENT SERIES FUND INC,2024Q4,Other,98832.0,
TIAA SEPARATE ACCOUNT VA 1,2024Q4,Other,3166.0,
TIAA-CREF LIFE FUNDS,2024Q4,Other,1949.0,
TIFF INVESTMENT PROGRAM,2024Q4,Other,-61440.0,
TRUST FOR PROFESSIONAL MANAGERS,2024Q4,Other,107574.0,
TRUST FOR PROFESSIONAL MANAGERS,2024Q4,Other,11.0,-107563.0
TRUST FOR PROFESSIONAL MANAGERS,2024Q4,Other,21536.0,21525.0
TRUST FOR PROFESSIONAL MANAGERS,2024Q4,Other,-38754.0,-60290.0
Total Fund Solution,2024Q4,Other,-18748.0,
UNIFIED SERIES TRUST,2024Q4,Other,-24338.0,
UNIFIED SERIES TRUST,2024Q4,Other,3000000.0,
VALIC Co I,2024Q4,Other,131755.0,
VANGUARD ADMIRAL FUNDS,2024Q4,Other,121038.0,
VANGUARD ADMIRAL FUNDS,2024Q4,Other,50609.0,-70429.0
VANGUARD ADMIRAL FUNDS,2024Q4,Other,49874.0,-735.0
VANGUARD HORIZON FUNDS,2024Q4,Other,3131600.0,
VANGUARD INDEX FUNDS,2024Q4,Other,1654406.0,
VANGUARD INDEX FUNDS,2024Q4,Other,1927901.0,273495.0
VANGUARD INDEX FUNDS,2024Q4,Other,3956522.0,2028621.0
VANGUARD INDEX FUNDS,2024Q4,Other,3180316.0,-776206.0
VANGUARD INSTITUTIONAL INDEX FUNDS,2024Q4,Other,72176.0,
VANGUARD QUANTITATIVE FUNDS,2024Q4,Other,61500.0,
VANGUARD SCOTTSDALE FUNDS,2024Q4,Other,53889.0,
VANGUARD SCOTTSDALE FUNDS,2024Q4,Other,8960.0,-44929.0
VANGUARD SCOTTSDALE FUNDS,2024Q4,Other,17983.0,9023.0
VANGUARD TAX-MANAGED FUNDS,2024Q4,Other,905883.0,
VANGUARD VALLEY FORGE FUNDS,2024Q4,Other,81279.0,
VANGUARD WORLD FUND,2024Q4,Other,25929.0,
VANGUARD WORLD FUND,2024Q4,Other,2136759.0,2110830.0
VARIABLE INSURANCE PRODUCTS FUND,2024Q4,Other,3092000.0,
VARIABLE INSURANCE PRODUCTS FUND II,2024Q4,Other,5413.0,
VARIABLE INSURANCE PRODUCTS FUND II,2024Q4,Other,2481.0,-2932.0
VIRTUS ALTERNATIVE SOLUTIONS TRUST,2024Q4,Other,1510.0,
Variable Insurance Products Fund V,2024Q4,Other,5455000.0,
Virtus Investment Trust,2024Q4,Other,23015000.0,
Voya VARIABLE PORTFOLIOS INC,2024Q4,Other,10922.0,
Voya VARIABLE PORTFOLIOS INC,2024Q4,Other,5246.0,-5676.0
WILSHIRE MUTUAL FUNDS INC,2024Q4,Other,659.0,
iSHARES TRUST,2024Q4,Other,66902.0,
iSHARES TRUST,2024Q4,Other,297549.0,230647.0
iSHARES TRUST,2024Q4,Other,87690.0,-209859.0
iSHARES TRUST,2024Q4,Other,55094.0,-32596.0
iSHARES TRUST,2024Q4,Other,392255.0,337161.0
iSHARES TRUST,2024Q4,Other,569841.0,177586.0
iSHARES TRUST,2024Q4,Other,20134.0,-549707.0
iSHARES TRUST,2024Q4,Other,138890.0,118756.0
iSHARES TRUST,2024Q4,Other,188536.0,49646.0
iSHARES TRUST,2024Q4,Other,7999361.0,7810825.0
iSHARES TRUST,2024Q4,Other,32816.0,-7966545.0
iSHARES TRUST,2024Q4,Other,711503.0,678687.0
